n,InsertionSort,MergeSort,QuickSort
20000,0.106000,0.003000,0.002000
40000,0.461000,0.005000,0.005000
60000,1.060000,0.008000,0.006000
80000,1.934000,0.011000,0.008000
100000,2.935000,0.013000,0.010000
120000,4.254000,0.018000,0.013000
140000,6.802000,0.021000,0.016000
160000,9.077000,0.025000,0.019000
180000,11.372000,0.023000,0.016000
200000,12.419000,0.026000,0.017000
